,DateTime,Timestamp,Watt,Date
0,13:42:07,1514292127,1887.391724,26.12.17
1,13:42:12,1514292132,1918.786743,26.12.17
2,13:42:17,1514292137,1878.352539,26.12.17
3,13:42:22,1514292142,1869.399414,26.12.17
4,13:42:27,1514292147,1913.170776,26.12.17
5,13:42:33,1514292153,1872.970337,26.12.17
6,13:42:38,1514292158,1867.619019,26.12.17
7,13:42:43,1514292163,1916.911011,26.12.17
8,13:42:48,1514292168,1883.765625,26.12.17
9,13:42:53,1514292173,1871.183228,26.12.17
10,13:42:58,1514292178,1903.883545,26.12.17
11,13:43:03,1514292183,1874.760986,26.12.17
12,13:43:08,1514292188,1876.555054,26.12.17
13,13:43:13,1514292193,1930.118164,26.12.17
14,13:43:18,1514292198,1913.170776,26.12.17
15,13:43:24,1514292204,1878.352539,26.12.17
16,13:43:29,1514292209,1871.183228,26.12.17
17,13:43:34,1514292214,1924.435669,26.12.17
18,13:43:39,1514292219,1881.957764,26.12.17
19,13:43:44,1514292224,1874.760986,26.12.17
20,13:43:49,1514292229,1922.549072,26.12.17
21,13:43:54,1514292234,1880.153442,26.12.17
22,13:43:59,1514292239,1872.970337,26.12.17
23,13:44:04,1514292244,1916.911011,26.12.17
24,13:44:09,1514292249,1881.957764,26.12.17
25,13:44:15,1514292255,1874.760986,26.12.17
26,13:44:20,1514292260,1943.508423,26.12.17
27,13:44:25,1514292265,1905.733765,26.12.17
28,13:44:30,1514292270,1878.352539,26.12.17
29,13:44:35,1514292275,1874.760986,26.12.17
30,13:44:40,1514292280,1922.549072,26.12.17
31,13:44:45,1514292285,1878.352539,26.12.17
32,13:44:50,1514292290,1876.555054,26.12.17
33,13:44:55,1514292295,1916.911011,26.12.17
34,13:45:00,1514292300,1881.957764,26.12.17
35,13:45:06,1514292306,1876.555054,26.12.17
36,13:45:11,1514292311,1922.549072,26.12.17
37,13:45:16,1514292316,1878.352539,26.12.17
38,13:45:21,1514292321,1874.760986,26.12.17
39,13:45:26,1514292326,1918.786743,26.12.17
40,13:45:31,1514292331,1880.153442,26.12.17
41,13:45:36,1514292336,1880.153442,26.12.17
42,13:45:42,1514292342,1943.508423,26.12.17
43,13:45:47,1514292347,1913.170776,26.12.17
44,13:45:52,1514292352,1876.555054,26.12.17
45,13:45:57,1514292357,1871.183228,26.12.17
46,13:46:02,1514292362,1920.666016,26.12.17
47,13:46:07,1514292367,1880.153442,26.12.17
48,13:46:12,1514292372,1867.619019,26.12.17
49,13:46:17,1514292377,1916.911011,26.12.17
50,13:46:22,1514292382,1872.970337,26.12.17
51,13:46:27,1514292387,1872.970337,26.12.17
52,13:46:33,1514292393,1915.039062,26.12.17
53,13:46:38,1514292398,1881.957764,26.12.17
54,13:46:43,1514292403,1872.970337,26.12.17
55,13:46:48,1514292408,1909.444946,26.12.17
56,13:46:53,1514292413,1872.970337,26.12.17
57,13:46:58,1514292418,1876.555054,26.12.17
58,13:47:03,1514292423,1905.733765,26.12.17
59,13:47:08,1514292428,1898.354248,26.12.17
60,13:47:13,1514292433,1871.183228,26.12.17
61,13:47:18,1514292438,1883.765625,26.12.17
62,13:47:24,1514292444,1911.30603,26.12.17
63,13:47:29,1514292449,1878.352539,26.12.17
64,13:47:34,1514292454,1869.399414,26.12.17
65,13:47:39,1514292459,1916.911011,26.12.17
66,13:47:44,1514292464,1878.352539,26.12.17
67,13:47:49,1514292469,1871.183228,26.12.17
68,13:47:54,1514292474,1907.587524,26.12.17
69,13:47:59,1514292479,1874.760986,26.12.17
70,13:48:04,1514292484,1871.183228,26.12.17
71,13:48:10,1514292490,1909.444946,26.12.17
72,13:48:15,1514292495,1885.576904,26.12.17
73,13:48:20,1514292500,1871.183228,26.12.17
74,13:48:25,1514292505,1907.587524,26.12.17
75,13:48:30,1514292510,1911.30603,26.12.17
76,13:48:35,1514292515,1871.183228,26.12.17
77,13:48:40,1514292520,1887.391724,26.12.17
78,13:48:45,1514292525,1916.911011,26.12.17
79,13:48:51,1514292531,1876.555054,26.12.17
80,13:48:56,1514292536,1871.183228,26.12.17
81,13:49:01,1514292541,50.965511,26.12.17
82,13:49:06,1514292546,6.542839,26.12.17
83,13:49:11,1514292551,6.488243,26.12.17
84,13:49:16,1514292556,47.659554,26.12.17
85,13:49:21,1514292561,6.535991,26.12.17
86,13:49:26,1514292566,6.489402,26.12.17
87,13:49:31,1514292571,45.859547,26.12.17
88,13:49:36,1514292576,8.193536,26.12.17
89,13:49:42,1514292582,6.585001,26.12.17
90,13:49:47,1514292587,78.077721,26.12.17
91,13:49:52,1514292592,24.40542,26.12.17
92,13:49:57,1514292597,6.606297,26.12.17
93,13:50:02,1514292602,6.607165,26.12.17
94,13:50:07,1514292607,47.627144,26.12.17
95,13:50:12,1514292612,60.698921,26.12.17
96,13:50:17,1514292617,6.626119,26.12.17
97,13:50:22,1514292622,1947.368408,26.12.17
98,13:50:28,1514292628,1891.03186,26.12.17
99,13:50:33,1514292633,1876.555054,26.12.17
100,13:50:38,1514292638,1915.039062,26.12.17
101,13:50:43,1514292643,1881.957764,26.12.17
102,13:50:48,1514292648,1872.970337,26.12.17
103,13:50:53,1514292653,1913.170776,26.12.17
104,13:50:58,1514292658,1876.555054,26.12.17
105,13:51:03,1514292663,1869.399414,26.12.17
106,13:51:08,1514292668,1941.584106,26.12.17
107,13:51:13,1514292673,1918.786743,26.12.17
108,13:51:19,1514292679,1876.555054,26.12.17
109,13:51:24,1514292684,1869.399414,26.12.17
110,13:51:29,1514292689,1915.039062,26.12.17
111,13:51:34,1514292694,1874.760986,26.12.17
112,13:51:39,1514292699,1869.399414,26.12.17
113,13:51:44,1514292704,1918.786743,26.12.17
114,13:51:49,1514292709,1880.153442,26.12.17
115,13:51:54,1514292714,1874.760986,26.12.17
116,13:51:59,1514292719,1913.170776,26.12.17
117,13:52:05,1514292725,1876.555054,26.12.17
118,13:52:10,1514292730,1876.555054,26.12.17
119,13:52:15,1514292735,1943.508423,26.12.17
120,13:52:20,1514292740,1922.549072,26.12.17
121,13:52:25,1514292745,1880.153442,26.12.17
122,13:52:30,1514292750,1926.326172,26.12.17
123,13:52:35,1514292755,1913.170776,26.12.17
124,13:52:40,1514292760,1876.555054,26.12.17
125,13:52:46,1514292766,1867.619019,26.12.17
126,13:52:51,1514292771,1911.30603,26.12.17
127,13:52:56,1514292776,1880.153442,26.12.17
128,13:53:01,1514292781,1872.970337,26.12.17
129,13:53:06,1514292786,1911.30603,26.12.17
130,13:53:11,1514292791,1874.760986,26.12.17
131,13:53:16,1514292796,1869.399414,26.12.17
132,13:53:21,1514292801,1915.039062,26.12.17
133,13:53:26,1514292806,1902.036865,26.12.17
134,13:53:31,1514292811,1874.760986,26.12.17
135,13:53:37,1514292817,1867.619019,26.12.17
136,13:53:42,1514292822,1911.30603,26.12.17
137,13:53:47,1514292827,1872.970337,26.12.17
138,13:53:52,1514292832,1865.842041,26.12.17
139,13:53:57,1514292837,1909.444946,26.12.17
140,13:54:02,1514292842,1872.970337,26.12.17
141,13:54:07,1514292847,8.577439,26.12.17
142,13:54:12,1514292852,46.088039,26.12.17
143,13:54:17,1514292857,6.61798,26.12.17
144,13:54:23,1514292863,6.551889,26.12.17
145,13:54:28,1514292868,61.216209,26.12.17
146,13:54:33,1514292873,11.06528,26.12.17
147,13:54:38,1514292878,6.675927,26.12.17
148,13:54:43,1514292883,73.566925,26.12.17
149,13:54:48,1514292888,53.375069,26.12.17
150,13:54:53,1514292893,6.680907,26.12.17
151,13:54:58,1514292898,6.672133,26.12.17
152,13:55:03,1514292903,48.90884,26.12.17
153,13:55:09,1514292909,6.705603,26.12.17
154,13:55:14,1514292914,6.71288,26.12.17
155,13:55:19,1514292919,50.23568,26.12.17
156,13:55:24,1514292924,6.726119,26.12.17
157,13:55:29,1514292929,6.659151,26.12.17
158,13:55:34,1514292934,49.471481,26.12.17
159,13:55:39,1514292939,6.752313,26.12.17
160,13:55:44,1514292944,6.661594,26.12.17
161,13:55:49,1514292949,38.543182,26.12.17
162,13:55:55,1514292955,39.080093,26.12.17
163,13:56:00,1514292960,6.639086,26.12.17
164,13:56:05,1514292965,6.62762,26.12.17
165,13:56:10,1514292970,52.611809,26.12.17
166,13:56:15,1514292975,6.685987,26.12.17
167,13:56:20,1514292980,6.697244,26.12.17
168,13:56:25,1514292985,51.578117,26.12.17
169,13:56:30,1514292990,6.695781,26.12.17
170,13:56:35,1514292995,6.55877,26.12.17
171,13:56:41,1514293001,49.68708,26.12.17
172,13:56:46,1514293006,9.221335,26.12.17
173,13:56:51,1514293011,6.57972,26.12.17
174,13:56:56,1514293016,36.926842,26.12.17
175,13:57:01,1514293021,8.476591,26.12.17
176,13:57:06,1514293026,6.560679,26.12.17
177,13:57:11,1514293031,36.930321,26.12.17
178,13:57:16,1514293036,52.141773,26.12.17
179,13:57:21,1514293041,6.592128,26.12.17
180,13:57:26,1514293046,6.5904,26.12.17
181,13:57:32,1514293052,47.631771,26.12.17
182,13:57:37,1514293057,6.674563,26.12.17
183,13:57:42,1514293062,6.694569,26.12.17
184,13:57:47,1514293067,47.009468,26.12.17
185,13:57:52,1514293072,12.557794,26.12.17
186,13:57:57,1514293077,6.681317,26.12.17
187,13:58:02,1514293082,40.611343,26.12.17
188,13:58:07,1514293087,11.056733,26.12.17
189,13:58:12,1514293092,6.630421,26.12.17
190,13:58:17,1514293097,11.473271,26.12.17
191,13:58:23,1514293103,54.694038,26.12.17
192,13:58:28,1514293108,6.681408,26.12.17
193,13:58:33,1514293113,6.629636,26.12.17
194,13:58:38,1514293118,52.325428,26.12.17
195,13:58:43,1514293123,6.646646,26.12.17
196,13:58:48,1514293128,6.608634,26.12.17
197,13:58:53,1514293133,50.474892,26.12.17
198,13:58:58,1514293138,10.817878,26.12.17
199,13:59:03,1514293143,6.584227,26.12.17
200,13:59:08,1514293148,39.398079,26.12.17
201,13:59:14,1514293154,11.614408,26.12.17
202,13:59:19,1514293159,6.641154,26.12.17
203,13:59:24,1514293164,6.737743,26.12.17
204,13:59:29,1514293169,47.15189,26.12.17
205,13:59:34,1514293174,6.581774,26.12.17
206,13:59:39,1514293179,6.591929,26.12.17
207,13:59:44,1514293184,48.394661,26.12.17
208,13:59:50,1514293190,6.604095,26.12.17
209,13:59:55,1514293195,6.599094,26.12.17
210,14:00:00,1514293200,48.24939,26.12.17
211,14:00:05,1514293205,6.622897,26.12.17
212,14:00:10,1514293210,6.572773,26.12.17
213,14:00:15,1514293215,43.095112,26.12.17
214,14:00:20,1514293220,6.61385,26.12.17
215,14:00:25,1514293225,6.618896,26.12.17
216,14:00:30,1514293230,33.150761,26.12.17
217,14:00:35,1514293235,24.772612,26.12.17
218,14:00:40,1514293240,6.636165,26.12.17
219,14:00:46,1514293246,6.65741,26.12.17
220,14:00:51,1514293251,48.593731,26.12.17
221,14:00:56,1514293256,6.617354,26.12.17
222,14:01:01,1514293261,6.650952,26.12.17
223,14:01:06,1514293266,47.922775,26.12.17
224,14:01:11,1514293271,6.610528,26.12.17
225,14:01:16,1514293276,6.609392,26.12.17
226,14:01:21,1514293281,48.834545,26.12.17
227,14:01:26,1514293286,8.888063,26.12.17
228,14:01:31,1514293291,6.640345,26.12.17
229,14:01:37,1514293297,46.569618,26.12.17
230,14:01:43,1514293303,10.942042,26.12.17
231,14:01:48,1514293308,6.635132,26.12.17
232,14:01:53,1514293313,80.240601,26.12.17
233,14:01:58,1514293318,19.122753,26.12.17
234,14:02:03,1514293323,6.61278,26.12.17
235,14:02:08,1514293328,6.610439,26.12.17
236,14:02:13,1514293333,50.592091,26.12.17
237,14:02:18,1514293338,6.642369,26.12.17
238,14:02:23,1514293343,6.631295,26.12.17
239,14:02:29,1514293349,45.331608,26.12.17
240,14:02:34,1514293354,6.514474,26.12.17
241,14:02:39,1514293359,6.518653,26.12.17
242,14:02:44,1514293364,24.577631,26.12.17
243,14:02:49,1514293369,6.765755,26.12.17
244,14:02:54,1514293374,6.48526,26.12.17
245,14:02:59,1514293379,39.60096,26.12.17
246,14:03:04,1514293384,10.681759,26.12.17
247,14:03:09,1514293389,6.485925,26.12.17
248,14:03:15,1514293395,7.022079,26.12.17
249,14:03:20,1514293400,50.061268,26.12.17
250,14:03:25,1514293405,6.534946,26.12.17
251,14:03:30,1514293410,6.543101,26.12.17
252,14:03:35,1514293415,50.824177,26.12.17
253,14:03:40,1514293420,6.626366,26.12.17
254,14:03:45,1514293425,6.677199,26.12.17
255,14:03:50,1514293430,48.532394,26.12.17
256,14:03:55,1514293435,12.614583,26.12.17
257,14:04:01,1514293441,6.649621,26.12.17
258,14:04:06,1514293446,65.63797,26.12.17
259,14:04:11,1514293451,11.801736,26.12.17
260,14:04:16,1514293456,6.648584,26.12.17
261,14:04:21,1514293461,11.702641,26.12.17
262,14:04:26,1514293466,52.600521,26.12.17
263,14:04:31,1514293471,6.676404,26.12.17
264,14:04:36,1514293476,6.784458,26.12.17
265,14:04:41,1514293481,49.146637,26.12.17
266,14:04:47,1514293487,6.737512,26.12.17
267,14:04:52,1514293492,6.716167,26.12.17
268,14:04:57,1514293497,45.685398,26.12.17
269,14:05:02,1514293502,6.762745,26.12.17
270,14:05:07,1514293507,6.728473,26.12.17
271,14:05:12,1514293512,34.219204,26.12.17
272,14:05:17,1514293517,7.47432,26.12.17
273,14:05:22,1514293522,6.763632,26.12.17
274,14:05:27,1514293527,27.124973,26.12.17
275,14:05:33,1514293533,47.987274,26.12.17
276,14:05:38,1514293538,6.741542,26.12.17
277,14:05:43,1514293543,6.742539,26.12.17
278,14:05:48,1514293548,44.800327,26.12.17
279,14:05:53,1514293553,6.764355,26.12.17
280,14:05:58,1514293558,6.755337,26.12.17
281,14:06:03,1514293563,50.083004,26.12.17
282,14:06:08,1514293568,6.741264,26.12.17
283,14:06:13,1514293573,6.755826,26.12.17
284,14:06:19,1514293579,43.617519,26.12.17
285,14:06:24,1514293584,10.984333,26.12.17
286,14:06:29,1514293589,6.755081,26.12.17
287,14:06:34,1514293594,33.369637,26.12.17
288,14:06:39,1514293599,12.535398,26.12.17
289,14:06:44,1514293604,6.626321,26.12.17
290,14:06:49,1514293609,7.662611,26.12.17
291,14:06:54,1514293614,49.063023,26.12.17
292,14:06:59,1514293619,6.643809,26.12.17
293,14:07:04,1514293624,6.65863,26.12.17
294,14:07:10,1514293630,53.099022,26.12.17
295,14:07:15,1514293635,6.678337,26.12.17
296,14:07:20,1514293640,6.620437,26.12.17
297,14:07:25,1514293645,52.300308,26.12.17
298,14:07:30,1514293650,6.68934,26.12.17
299,14:07:35,1514293655,6.723029,26.12.17
300,14:07:40,1514293660,40.815052,26.12.17
301,14:07:45,1514293665,8.796207,26.12.17
302,14:07:50,1514293670,6.727342,26.12.17
303,14:07:56,1514293676,25.244593,26.12.17
304,14:08:01,1514293681,52.109905,26.12.17
305,14:08:06,1514293686,6.763445,26.12.17
306,14:08:11,1514293691,6.737072,26.12.17
307,14:08:16,1514293696,49.193489,26.12.17
308,14:08:21,1514293701,6.753964,26.12.17
309,14:08:26,1514293706,6.71396,26.12.17
310,14:08:31,1514293711,51.083672,26.12.17
311,14:08:36,1514293716,6.731614,26.12.17
312,14:08:42,1514293722,6.718699,26.12.17
313,14:08:47,1514293727,35.389446,26.12.17
314,14:08:52,1514293732,8.211514,26.12.17
315,14:08:57,1514293737,6.673018,26.12.17
316,14:09:02,1514293742,9.564641,26.12.17
317,14:09:07,1514293747,49.570274,26.12.17
318,14:09:12,1514293752,6.735892,26.12.17
319,14:09:17,1514293757,6.718077,26.12.17
320,14:09:23,1514293763,51.318958,26.12.17
321,14:09:28,1514293768,6.708769,26.12.17
322,14:09:33,1514293773,6.66431,26.12.17
323,14:09:38,1514293778,47.824604,26.12.17
324,14:09:43,1514293783,6.669591,26.12.17
325,14:09:48,1514293788,6.667279,26.12.17
326,14:09:53,1514293793,47.960281,26.12.17
327,14:09:58,1514293798,7.081135,26.12.17
328,14:10:04,1514293804,6.6732,26.12.17
329,14:10:09,1514293809,71.878891,26.12.17
330,14:10:14,1514293814,11.813182,26.12.17
331,14:10:19,1514293819,6.641491,26.12.17
332,14:10:24,1514293824,9.519233,26.12.17
333,14:10:29,1514293829,50.216385,26.12.17
334,14:10:34,1514293834,6.699464,26.12.17
335,14:10:39,1514293839,6.737628,26.12.17
336,14:10:44,1514293844,48.652805,26.12.17
337,14:10:50,1514293850,6.710721,26.12.17
338,14:10:55,1514293855,6.713868,26.12.17
339,14:11:00,1514293860,42.803509,26.12.17
340,14:11:05,1514293865,6.740685,26.12.17
341,14:11:10,1514293870,6.717755,26.12.17
342,14:11:15,1514293875,34.095455,26.12.17
343,14:11:20,1514293880,12.003796,26.12.17
344,14:11:25,1514293885,6.723651,26.12.17
345,14:11:30,1514293890,67.714088,26.12.17
346,14:11:36,1514293896,50.220242,26.12.17
347,14:11:41,1514293901,6.685394,26.12.17
348,14:11:46,1514293906,6.6787,26.12.17
349,14:11:51,1514293911,51.277359,26.12.17
350,14:11:56,1514293916,6.706383,26.12.17
351,14:12:01,1514293921,6.691051,26.12.17
352,14:12:06,1514293926,50.4632,26.12.17
353,14:12:11,1514293931,8.555099,26.12.17
354,14:12:17,1514293937,6.686238,26.12.17
355,14:12:22,1514293942,41.610966,26.12.17
356,14:12:27,1514293947,25.377886,26.12.17
357,14:12:32,1514293952,6.747039,26.12.17
358,14:12:37,1514293957,6.621309,26.12.17
359,14:12:42,1514293962,51.58083,26.12.17
360,14:12:47,1514293967,6.564456,26.12.17
361,14:12:52,1514293972,6.603383,26.12.17
362,14:12:57,1514293977,54.695564,26.12.17
363,14:13:02,1514293982,6.57791,26.12.17
364,14:13:08,1514293988,6.570021,26.12.17
365,14:13:13,1514293993,48.691463,26.12.17
366,14:13:18,1514293998,6.606475,26.12.17
367,14:13:23,1514294003,6.637692,26.12.17
368,14:13:28,1514294008,47.263264,26.12.17
369,14:13:33,1514294013,8.264462,26.12.17
370,14:13:38,1514294018,6.74625,26.12.17
371,14:13:43,1514294023,56.434902,26.12.17
372,14:13:48,1514294028,12.119377,26.12.17
373,14:13:54,1514294034,6.703105,26.12.17
374,14:13:59,1514294039,6.755337,26.12.17
375,14:14:04,1514294044,50.324635,26.12.17
376,14:14:09,1514294049,6.77843,26.12.17
377,14:14:14,1514294054,6.731776,26.12.17
378,14:14:19,1514294059,48.501186,26.12.17
379,14:14:24,1514294064,6.75706,26.12.17
380,14:14:29,1514294069,6.691691,26.12.17
381,14:14:34,1514294074,46.145519,26.12.17
382,14:14:40,1514294080,6.692924,26.12.17
383,14:14:45,1514294085,6.684733,26.12.17
384,14:14:50,1514294090,46.399925,26.12.17
385,14:14:55,1514294095,8.799048,26.12.17
386,14:15:00,1514294100,6.723421,26.12.17
387,14:15:05,1514294105,13.715685,26.12.17
388,14:15:10,1514294110,22.64905,26.12.17
389,14:15:15,1514294115,6.655512,26.12.17
390,14:15:20,1514294120,6.703036,26.12.17
391,14:15:26,1514294126,48.584099,26.12.17
392,14:15:31,1514294131,6.75429,26.12.17
393,14:15:36,1514294136,6.730413,26.12.17
394,14:15:41,1514294141,45.608894,26.12.17
395,14:15:46,1514294146,6.709871,26.12.17
396,14:15:51,1514294151,6.718998,26.12.17
397,14:15:56,1514294156,48.894207,26.12.17
398,14:16:01,1514294161,6.785444,26.12.17
399,14:16:06,1514294166,6.707438,26.12.17
400,14:16:12,1514294172,80.358971,26.12.17
401,14:16:17,1514294177,23.157223,26.12.17
402,14:16:22,1514294182,6.685577,26.12.17
403,14:16:27,1514294187,6.686078,26.12.17
404,14:16:32,1514294192,53.048748,26.12.17
405,14:16:37,1514294197,6.624642,26.12.17
406,14:16:42,1514294202,6.573368,26.12.17
407,14:16:47,1514294207,52.42054,26.12.17
408,14:16:52,1514294212,6.58458,26.12.17
409,14:16:58,1514294218,6.621443,26.12.17
410,14:17:03,1514294223,49.670719,26.12.17
411,14:17:08,1514294228,7.851726,26.12.17
412,14:17:13,1514294233,6.582945,26.12.17
413,14:17:18,1514294238,32.406796,26.12.17
414,14:17:23,1514294243,13.214553,26.12.17
415,14:17:28,1514294248,6.566545,26.12.17
416,14:17:33,1514294253,81.325424,26.12.17
417,14:17:38,1514294258,24.330931,26.12.17
418,14:17:44,1514294264,6.720518,26.12.17
419,14:17:49,1514294269,6.656506,26.12.17
420,14:17:54,1514294274,54.736782,26.12.17
421,14:17:59,1514294279,6.684209,26.12.17
422,14:18:04,1514294284,6.68845,26.12.17
423,14:18:09,1514294289,49.059341,26.12.17
424,14:18:14,1514294294,6.733602,26.12.17
425,14:18:19,1514294299,6.70448,26.12.17
426,14:18:25,1514294305,49.951603,26.12.17
427,14:18:30,1514294310,6.707048,26.12.17
428,14:18:35,1514294315,6.658517,26.12.17
429,14:18:40,1514294320,53.693665,26.12.17
430,14:18:45,1514294325,11.640262,26.12.17
431,14:18:50,1514294330,6.684528,26.12.17
432,14:18:55,1514294335,7.13997,26.12.17
433,14:19:00,1514294340,48.598549,26.12.17
434,14:19:05,1514294345,6.63976,26.12.17
435,14:19:11,1514294351,6.630443,26.12.17
436,14:19:16,1514294356,48.98214,26.12.17
437,14:19:21,1514294361,6.676767,26.12.17
438,14:19:26,1514294366,6.690869,26.12.17
439,14:19:31,1514294371,50.45541,26.12.17
440,14:19:36,1514294376,6.636502,26.12.17
441,14:19:41,1514294381,6.65732,26.12.17
442,14:19:46,1514294386,46.96331,26.12.17
443,14:19:51,1514294391,10.440515,26.12.17
444,14:19:57,1514294397,6.6473,26.12.17
445,14:20:02,1514294402,41.090435,26.12.17
446,14:20:07,1514294407,12.857667,26.12.17
447,14:20:12,1514294412,6.797039,26.12.17
448,14:20:17,1514294417,6.931362,26.12.17
449,14:20:22,1514294422,50.022957,26.12.17
450,14:20:27,1514294427,6.861946,26.12.17
451,14:20:32,1514294432,6.653593,26.12.17
452,14:20:37,1514294437,46.48241,26.12.17
453,14:20:43,1514294443,6.700311,26.12.17
454,14:20:48,1514294448,6.695118,26.12.17
455,14:20:53,1514294453,52.561043,26.12.17
456,14:20:58,1514294458,6.654112,26.12.17
457,14:21:03,1514294463,6.697999,26.12.17
458,14:21:08,1514294468,44.109047,26.12.17
459,14:21:13,1514294473,11.983623,26.12.17
460,14:21:18,1514294478,6.670567,26.12.17
461,14:21:23,1514294483,11.589149,26.12.17
462,14:21:29,1514294489,12.111742,26.12.17
463,14:21:35,1514294495,6.683936,26.12.17
464,14:21:40,1514294500,9.628367,26.12.17
465,14:21:45,1514294505,50.305267,26.12.17
466,14:21:50,1514294510,6.720771,26.12.17
467,14:21:55,1514294515,6.636479,26.12.17
468,14:22:00,1514294520,48.516788,26.12.17
469,14:22:05,1514294525,6.723928,26.12.17
470,14:22:11,1514294531,6.682478,26.12.17
471,14:22:16,1514294536,47.870132,26.12.17
472,14:22:21,1514294541,6.698503,26.12.17
473,14:22:26,1514294546,6.639738,26.12.17
474,14:22:31,1514294551,44.675812,26.12.17
475,14:22:36,1514294556,6.596919,26.12.17
476,14:22:41,1514294561,6.562391,26.12.17
477,14:22:46,1514294566,35.288826,26.12.17
478,14:22:51,1514294571,11.65978,26.12.17
479,14:22:57,1514294577,6.566523,26.12.17
480,14:23:02,1514294582,6.551582,26.12.17
481,14:23:07,1514294587,51.210403,26.12.17
482,14:23:12,1514294592,6.544192,26.12.17
483,14:23:17,1514294597,6.55051,26.12.17
484,14:23:22,1514294602,69.766617,26.12.17
485,14:23:27,1514294607,29.50869,26.12.17
486,14:23:32,1514294612,29.590174,26.12.17
487,14:23:37,1514294617,54.843941,26.12.17
488,14:23:42,1514294622,27.304752,26.12.17
489,14:23:48,1514294628,22.296507,26.12.17
490,14:23:53,1514294633,42.675896,26.12.17
491,14:23:58,1514294638,43.626251,26.12.17
492,14:24:03,1514294643,41.345139,26.12.17
493,14:24:27,1514294667,41.438625,26.12.17
494,14:24:32,1514294672,35.7514,26.12.17
495,14:24:37,1514294677,46.949818,26.12.17
496,14:24:42,1514294682,61.822193,26.12.17
497,14:24:47,1514294687,78.143059,26.12.17
498,14:24:53,1514294693,86.114525,26.12.17
499,14:24:58,1514294698,96.283203,26.12.17
500,14:25:03,1514294703,110.935112,26.12.17
501,14:25:08,1514294708,111.054482,26.12.17
502,14:25:13,1514294713,115.461609,26.12.17
503,14:25:18,1514294718,113.635048,26.12.17
504,14:25:23,1514294723,22.050308,26.12.17
505,14:25:29,1514294729,22.052044,26.12.17
506,14:25:34,1514294734,22.064697,26.12.17
507,14:25:39,1514294739,22.199833,26.12.17
508,14:25:44,1514294744,22.761303,26.12.17
509,14:25:49,1514294749,22.895506,26.12.17
510,14:25:54,1514294754,23.190359,26.12.17
511,14:25:59,1514294759,22.545412,26.12.17
512,14:26:04,1514294764,29.362881,26.12.17
513,14:26:09,1514294769,28.621469,26.12.17
514,14:26:14,1514294774,12.661415,26.12.17
515,14:26:20,1514294780,9.473384,26.12.17
516,14:26:25,1514294785,28.363564,26.12.17
517,14:26:30,1514294790,12.52835,26.12.17
518,14:26:35,1514294795,12.51356,26.12.17
519,14:26:40,1514294800,33.700527,26.12.17
520,14:26:45,1514294805,12.35766,26.12.17
521,14:26:50,1514294810,12.392647,26.12.17
522,14:26:55,1514294815,37.153522,26.12.17
523,14:27:01,1514294821,12.385758,26.12.17
524,14:27:06,1514294826,12.359373,26.12.17
525,14:27:11,1514294831,41.079247,26.12.17
526,14:27:16,1514294836,12.500957,26.12.17
527,14:27:21,1514294841,12.342338,26.12.17
528,14:27:26,1514294846,60.713955,26.12.17
529,14:27:32,1514294852,54.092075,26.12.17
530,14:27:37,1514294857,12.330464,26.12.17
531,14:27:42,1514294862,12.441078,26.12.17
532,14:27:47,1514294867,64.747253,26.12.17
533,14:27:52,1514294872,12.42736,26.12.17
534,14:27:57,1514294877,60.123867,26.12.17
535,14:28:02,1514294882,12.803186,26.12.17
536,14:28:07,1514294887,6.675268,26.12.17
537,14:28:12,1514294892,79.812782,26.12.17
538,14:28:18,1514294898,7.317328,26.12.17
539,14:28:23,1514294903,6.711754,26.12.17
540,14:28:28,1514294908,7.391966,26.12.17
541,14:28:33,1514294913,68.341812,26.12.17
542,14:28:38,1514294918,6.703746,26.12.17
543,14:28:43,1514294923,6.709871,26.12.17
544,14:28:48,1514294928,68.258553,26.12.17
545,14:28:53,1514294933,6.692536,26.12.17
546,14:28:59,1514294939,6.705282,26.12.17
547,14:29:04,1514294944,68.249054,26.12.17
548,14:29:09,1514294949,6.713454,26.12.17
549,14:29:14,1514294954,6.676858,26.12.17
550,14:29:19,1514294959,68.289452,26.12.17
551,14:29:24,1514294964,6.769329,26.12.17
552,14:29:29,1514294969,6.664854,26.12.17
553,14:29:34,1514294974,93.04422,26.12.17
554,14:29:40,1514294980,62.681797,26.12.17
555,14:29:45,1514294985,6.632821,26.12.17
556,14:29:50,1514294990,6.650321,26.12.17
557,14:29:55,1514294995,70.417984,26.12.17
558,14:30:00,1514295000,6.638254,26.12.17
559,14:30:05,1514295005,6.64489,26.12.17
560,14:30:10,1514295010,77.317352,26.12.17
561,14:30:15,1514295015,6.682433,26.12.17
562,14:30:20,1514295020,6.641559,26.12.17
563,14:30:26,1514295026,77.271652,26.12.17
564,14:30:31,1514295031,7.943709,26.12.17
565,14:30:36,1514295036,6.637355,26.12.17
566,14:30:41,1514295041,91.940552,26.12.17
567,14:30:46,1514295046,13.37161,26.12.17
568,14:30:51,1514295051,6.67034,26.12.17
569,14:30:56,1514295056,27.049768,26.12.17
570,14:31:02,1514295062,68.657654,26.12.17
571,14:31:07,1514295067,6.657048,26.12.17
572,14:31:12,1514295072,6.6568,26.12.17
573,14:31:17,1514295077,62.007904,26.12.17
574,14:31:22,1514295082,6.717019,26.12.17
575,14:31:27,1514295087,6.696672,26.12.17
576,14:31:32,1514295092,72.449844,26.12.17
577,14:31:37,1514295097,6.672905,26.12.17
578,14:31:42,1514295102,6.639873,26.12.17
579,14:31:47,1514295107,65.02636,26.12.17
580,14:31:53,1514295113,21.639814,26.12.17
581,14:31:58,1514295118,91.906082,26.12.17
582,14:32:03,1514295123,29.658197,26.12.17
583,14:32:08,1514295128,29.354969,26.12.17
584,14:32:14,1514295134,72.562439,26.12.17
585,14:32:19,1514295139,29.24683,26.12.17
586,14:32:24,1514295144,22.783781,26.12.17
587,14:32:30,1514295150,68.203949,26.12.17
588,14:32:35,1514295155,40.940311,26.12.17
589,14:32:40,1514295160,22.029499,26.12.17
590,14:32:45,1514295165,59.688316,26.12.17
591,14:32:50,1514295170,57.232079,26.12.17
592,14:32:55,1514295175,53.350384,26.12.17
593,14:33:00,1514295180,21.684082,26.12.17
594,14:33:05,1514295185,22.431938,26.12.17
595,14:33:10,1514295190,39.924263,26.12.17
596,14:33:15,1514295195,42.909344,26.12.17
597,14:33:21,1514295201,44.228428,26.12.17
598,14:33:26,1514295206,57.659512,26.12.17
599,14:33:31,1514295211,75.513115,26.12.17
600,14:33:36,1514295216,81.338921,26.12.17
601,14:33:41,1514295221,98.20713,26.12.17
602,14:33:46,1514295226,122.081802,26.12.17
603,14:33:51,1514295231,112.378227,26.12.17
604,14:33:56,1514295236,109.498016,26.12.17
605,14:34:01,1514295241,106.402603,26.12.17
606,14:34:07,1514295247,25.014669,26.12.17
607,14:34:12,1514295252,24.904749,26.12.17
608,14:34:17,1514295257,21.744675,26.12.17
609,14:34:22,1514295262,21.183283,26.12.17
610,14:34:27,1514295267,21.000889,26.12.17
611,14:34:33,1514295273,21.475113,26.12.17
612,14:34:38,1514295278,21.266212,26.12.17
613,14:34:43,1514295283,21.349562,26.12.17
614,14:34:49,1514295289,21.186258,26.12.17
615,14:34:54,1514295294,24.834101,26.12.17
616,14:34:59,1514295299,12.662396,26.12.17
617,14:35:04,1514295304,12.599588,26.12.17
618,14:35:09,1514295309,26.125767,26.12.17
619,14:35:14,1514295314,12.703657,26.12.17
620,14:35:19,1514295319,12.476698,26.12.17
621,14:35:24,1514295324,39.973095,26.12.17
622,14:35:30,1514295330,16.556208,26.12.17
623,14:35:35,1514295335,12.454511,26.12.17
624,14:35:40,1514295340,12.487503,26.12.17
625,14:35:45,1514295345,38.298538,26.12.17
626,14:35:50,1514295350,12.490605,26.12.17
627,14:35:55,1514295355,12.447316,26.12.17
628,14:36:00,1514295360,45.589809,26.12.17
629,14:36:05,1514295365,12.36865,26.12.17
630,14:36:10,1514295370,12.425469,26.12.17
631,14:36:16,1514295376,57.79887,26.12.17
632,14:36:21,1514295381,12.410686,26.12.17
633,14:36:26,1514295386,12.401111,26.12.17
634,14:36:31,1514295391,59.608486,26.12.17
635,14:36:37,1514295397,12.405661,26.12.17
636,14:36:42,1514295402,83.810585,26.12.17
637,14:36:47,1514295407,14.287275,26.12.17
638,14:36:52,1514295412,6.644642,26.12.17
639,14:36:57,1514295417,71.632088,26.12.17
640,14:37:05,1514295425,6.833967,26.12.17
641,14:37:11,1514295431,6.602627,26.12.17
642,14:37:16,1514295436,87.964828,26.12.17
643,14:37:21,1514295441,7.247421,26.12.17
644,14:37:26,1514295446,6.608367,26.12.17
645,14:37:31,1514295451,7.742694,26.12.17
646,14:37:36,1514295456,64.546921,26.12.17
647,14:37:41,1514295461,6.604606,26.12.17
648,14:37:46,1514295466,6.604962,26.12.17
649,14:37:52,1514295472,64.001305,26.12.17
650,14:37:57,1514295477,6.708264,26.12.17
651,14:38:02,1514295482,6.682524,26.12.17
652,14:38:07,1514295487,64.398544,26.12.17
653,14:38:12,1514295492,6.719113,26.12.17
654,14:38:17,1514295497,6.674836,26.12.17
655,14:38:22,1514295502,41.252945,26.12.17
656,14:38:27,1514295507,12.987271,26.12.17
657,14:38:32,1514295512,6.705626,26.12.17
658,14:38:37,1514295517,72.016159,26.12.17
659,14:38:43,1514295523,16.930714,26.12.17
660,14:38:48,1514295528,6.674086,26.12.17
661,14:38:53,1514295533,7.697471,26.12.17
662,14:38:58,1514295538,66.389061,26.12.17
663,14:39:03,1514295543,6.720978,26.12.17
664,14:39:08,1514295548,6.656641,26.12.17
665,14:39:13,1514295553,64.411232,26.12.17
666,14:39:18,1514295558,6.699967,26.12.17
667,14:39:24,1514295564,6.675472,26.12.17
668,14:39:29,1514295569,66.404793,26.12.17
669,14:39:35,1514295575,6.663857,26.12.17
670,14:39:40,1514295580,6.686625,26.12.17
671,14:39:45,1514295585,73.029945,26.12.17
672,14:39:50,1514295590,9.942807,26.12.17
673,14:39:55,1514295595,6.633426,26.12.17
674,14:40:00,1514295600,87.000885,26.12.17
675,14:40:05,1514295605,11.906641,26.12.17
676,14:40:11,1514295611,6.646241,26.12.17
677,14:40:16,1514295616,42.884949,26.12.17
678,14:40:21,1514295621,68.396637,26.12.17
679,14:40:26,1514295626,6.690983,26.12.17
680,14:40:31,1514295631,6.646399,26.12.17
681,14:40:36,1514295636,61.680244,26.12.17
682,14:40:41,1514295641,9.538309,26.12.17
683,14:40:46,1514295646,83.803421,26.12.17
684,14:40:52,1514295652,29.86643,26.12.17
685,14:40:57,1514295657,29.825094,26.12.17
686,14:41:02,1514295662,69.100388,26.12.17
687,14:41:07,1514295667,29.641609,26.12.17
688,14:41:12,1514295672,23.625652,26.12.17
689,14:41:17,1514295677,57.22707,26.12.17
690,14:41:22,1514295682,21.993427,26.12.17
691,14:41:27,1514295687,23.250023,26.12.17
692,14:41:32,1514295692,64.095444,26.12.17
693,14:41:38,1514295698,58.798836,26.12.17
694,14:41:43,1514295703,50.474892,26.12.17
695,14:41:48,1514295708,50.213814,26.12.17
696,14:41:53,1514295713,46.750584,26.12.17
697,14:41:58,1514295718,47.810612,26.12.17
698,14:42:03,1514295723,22.416296,26.12.17
699,14:42:08,1514295728,21.003363,26.12.17
700,14:42:13,1514295733,24.025974,26.12.17
701,14:42:18,1514295738,20.160999,26.12.17
702,14:42:24,1514295744,27.06134,26.12.17
703,14:42:29,1514295749,47.950901,26.12.17
704,14:42:34,1514295754,21.442709,26.12.17
705,14:42:39,1514295759,49.558998,26.12.17
706,14:42:44,1514295764,62.019672,26.12.17
707,14:42:49,1514295769,52.749084,26.12.17
708,14:42:54,1514295774,51.271996,26.12.17
709,14:42:59,1514295779,45.431377,26.12.17
710,14:43:04,1514295784,24.301382,26.12.17
711,14:43:10,1514295790,42.113174,26.12.17
712,14:43:15,1514295795,37.180996,26.12.17
713,14:43:20,1514295800,41.889179,26.12.17
714,14:43:25,1514295805,48.153423,26.12.17
715,14:43:30,1514295810,66.664398,26.12.17
716,14:43:35,1514295815,77.283836,26.12.17
717,14:43:40,1514295820,84.606094,26.12.17
718,14:43:46,1514295826,93.836731,26.12.17
719,14:43:51,1514295831,107.346176,26.12.17
720,14:43:56,1514295836,89.201241,26.12.17
721,14:44:01,1514295841,87.556366,26.12.17
722,14:44:06,1514295846,86.231918,26.12.17
723,14:44:11,1514295851,22.261829,26.12.17
724,14:44:16,1514295856,22.404003,26.12.17
725,14:44:21,1514295861,22.003546,26.12.17
726,14:44:27,1514295867,21.814339,26.12.17
727,14:44:32,1514295872,21.726606,26.12.17
728,14:44:37,1514295877,21.720108,26.12.17
729,14:44:42,1514295882,21.708567,26.12.17
730,14:44:47,1514295887,21.674974,26.12.17
731,14:44:52,1514295892,21.862494,26.12.17
732,14:44:57,1514295897,19.774923,26.12.17
733,14:45:02,1514295902,18.6737,26.12.17
734,14:45:07,1514295907,18.625635,26.12.17
735,14:45:13,1514295913,22.62005,26.12.17
736,14:45:18,1514295918,28.453279,26.12.17
737,14:45:23,1514295923,18.538826,26.12.17
738,14:45:28,1514295928,18.426294,26.12.17
739,14:45:33,1514295933,39.285213,26.12.17
740,14:45:38,1514295938,40.947151,26.12.17
741,14:45:43,1514295943,11.303375,26.12.17
742,14:45:48,1514295948,6.616528,26.12.17
743,14:45:53,1514295953,25.423948,26.12.17
744,14:45:59,1514295959,7.668394,26.12.17
745,14:46:04,1514295964,49.302326,26.12.17
746,14:46:09,1514295969,18.457687,26.12.17
747,14:46:14,1514295974,18.436689,26.12.17
748,14:46:19,1514295979,46.160728,26.12.17
749,14:46:24,1514295984,18.411243,26.12.17
750,14:46:29,1514295989,18.384317,26.12.17
751,14:46:34,1514295994,55.404869,26.12.17
752,14:46:40,1514296000,18.397427,26.12.17
753,14:46:45,1514296005,18.376909,26.12.17
754,14:46:50,1514296010,84.015251,26.12.17
755,14:46:55,1514296015,18.971788,26.12.17
756,14:47:00,1514296020,84.054863,26.12.17
757,14:47:05,1514296025,33.109898,26.12.17
758,14:47:10,1514296030,6.641919,26.12.17
759,14:47:15,1514296035,6.630578,26.12.17
760,14:47:21,1514296041,56.203606,26.12.17
761,14:47:41,1514296061,6.566171,26.12.17
762,14:47:46,1514296066,6.49484,26.12.17
763,14:47:52,1514296072,66.485847,26.12.17
764,14:47:57,1514296077,6.577999,26.12.17
765,14:48:02,1514296082,6.564105,26.12.17
766,14:48:07,1514296087,34.935509,26.12.17
767,14:48:12,1514296092,6.522882,26.12.17
768,14:48:20,1514296100,6.626567,26.12.17
769,14:48:25,1514296105,71.524963,26.12.17
770,14:48:30,1514296110,6.649126,26.12.17
771,14:48:35,1514296115,6.837064,26.12.17
772,14:48:40,1514296120,91.332497,26.12.17
773,14:48:46,1514296126,8.40383,26.12.17
774,14:48:51,1514296131,6.595166,26.12.17
775,14:48:56,1514296136,44.589462,26.12.17
776,14:49:01,1514296141,67.574089,26.12.17
777,14:49:06,1514296146,6.663473,26.12.17
778,14:49:11,1514296151,6.621041,26.12.17
779,14:49:16,1514296156,63.974163,26.12.17
780,14:49:21,1514296161,6.650118,26.12.17
781,14:49:26,1514296166,6.618583,26.12.17
782,14:49:31,1514296171,61.833889,26.12.17
783,14:49:37,1514296177,6.64766,26.12.17
784,14:49:42,1514296182,6.592616,26.12.17
785,14:49:47,1514296187,74.050301,26.12.17
786,14:49:52,1514296192,7.428706,26.12.17
787,14:49:57,1514296197,6.633584,26.12.17
788,14:50:02,1514296202,76.028381,26.12.17
789,14:50:07,1514296207,65.110565,26.12.17
790,14:50:12,1514296212,6.586814,26.12.17
791,14:50:17,1514296217,6.611063,26.12.17
792,14:50:22,1514296222,67.019821,26.12.17
793,14:50:28,1514296228,6.615457,26.12.17
794,14:50:33,1514296233,6.654857,26.12.17
795,14:50:38,1514296238,65.414635,26.12.17
796,14:50:43,1514296243,6.562171,26.12.17
797,14:50:48,1514296248,6.560459,26.12.17
798,14:50:53,1514296253,68.465889,26.12.17
799,14:50:58,1514296258,12.545021,26.12.17
800,14:51:03,1514296263,89.999542,26.12.17
801,14:51:08,1514296268,29.184153,26.12.17
802,14:51:13,1514296273,29.686033,26.12.17
803,14:51:19,1514296279,72.233681,26.12.17
804,14:51:24,1514296284,29.822826,26.12.17
805,14:51:29,1514296289,22.061718,26.12.17
806,14:51:34,1514296294,38.958977,26.12.17
807,14:51:39,1514296299,40.959126,26.12.17
808,14:51:44,1514296304,21.891047,26.12.17
809,14:51:49,1514296309,63.31321,26.12.17
810,14:51:54,1514296314,62.689812,26.12.17
811,14:51:59,1514296319,30.401215,26.12.17
812,14:52:04,1514296324,28.706944,26.12.17
813,14:52:10,1514296330,48.662464,26.12.17
814,14:52:15,1514296335,43.665108,26.12.17
815,14:52:20,1514296340,44.164677,26.12.17
816,14:52:25,1514296345,27.620886,26.12.17
817,14:52:30,1514296350,68.729851,26.12.17
818,14:52:35,1514296355,85.813057,26.12.17
819,14:52:40,1514296360,97.021568,26.12.17
820,14:52:45,1514296365,110.491325,26.12.17
821,14:52:50,1514296370,91.383568,26.12.17
822,14:52:55,1514296375,127.719162,26.12.17
823,14:53:01,1514296381,143.715652,26.12.17
824,14:53:06,1514296386,121.710526,26.12.17
825,14:53:11,1514296391,119.137306,26.12.17
826,14:53:16,1514296396,118.841286,26.12.17
827,14:53:21,1514296401,118.762115,26.12.17
828,14:53:26,1514296406,117.742416,26.12.17
829,14:53:31,1514296411,117.298721,26.12.17
830,14:53:36,1514296416,116.628998,26.12.17
831,14:53:41,1514296421,116.941978,26.12.17
832,14:53:47,1514296427,116.04924,26.12.17
833,14:53:52,1514296432,116.490433,26.12.17
834,14:53:57,1514296437,116.228073,26.12.17
835,14:54:02,1514296442,115.987457,26.12.17
836,14:54:07,1514296447,115.8778,26.12.17
837,14:54:12,1514296452,116.269417,26.12.17
838,14:54:17,1514296457,30.771887,26.12.17
839,14:54:22,1514296462,21.729977,26.12.17
840,14:54:27,1514296467,21.863955,26.12.17
841,14:54:32,1514296472,21.686241,26.12.17
842,14:54:38,1514296478,21.619059,26.12.17
843,14:54:43,1514296483,21.603817,26.12.17
844,14:54:48,1514296488,21.635994,26.12.17
845,14:54:53,1514296493,21.673058,26.12.17
846,14:54:58,1514296498,21.635756,26.12.17
847,14:55:03,1514296503,21.96067,26.12.17
848,14:55:08,1514296508,40.618916,26.12.17
849,14:55:13,1514296513,42.323132,26.12.17
850,14:55:18,1514296518,43.809483,26.12.17
851,14:55:24,1514296524,40.374718,26.12.17
852,14:55:29,1514296529,42.587849,26.12.17
853,14:55:34,1514296534,38.893295,26.12.17
854,14:55:39,1514296539,43.390717,26.12.17
855,14:55:44,1514296544,42.30761,26.12.17
856,14:55:49,1514296549,78.314697,26.12.17
857,14:55:54,1514296554,114.618034,26.12.17
858,14:55:59,1514296559,111.642471,26.12.17
859,14:56:04,1514296564,110.410446,26.12.17
860,14:56:09,1514296569,254.510056,26.12.17
861,14:56:15,1514296575,416.259827,26.12.17
862,14:56:20,1514296580,209.620529,26.12.17
863,14:56:25,1514296585,206.508011,26.12.17
864,14:56:30,1514296590,307.029907,26.12.17
865,14:56:35,1514296595,340.865631,26.12.17
866,14:56:40,1514296600,392.907227,26.12.17
867,14:56:45,1514296605,444.772064,26.12.17
868,14:56:50,1514296610,511.876801,26.12.17
869,14:56:56,1514296616,405.83609,26.12.17
870,14:57:01,1514296621,398.415283,26.12.17
871,14:57:06,1514296626,391.104919,26.12.17
872,14:57:11,1514296631,400.040802,26.12.17
873,14:57:16,1514296636,388.624664,26.12.17
874,14:57:21,1514296641,386.937653,26.12.17
875,14:57:26,1514296646,388.23996,26.12.17
876,14:57:31,1514296651,385.795776,26.12.17
877,14:57:36,1514296656,381.36911,26.12.17
878,14:57:41,1514296661,382.933014,26.12.17
879,14:57:47,1514296667,383.757324,26.12.17
880,14:57:52,1514296672,381.146759,26.12.17
881,14:57:57,1514296677,378.060547,26.12.17
882,14:58:02,1514296682,380.776703,26.12.17
883,14:58:07,1514296687,374.808868,26.12.17
884,14:58:12,1514296692,377.405701,26.12.17
885,14:58:17,1514296697,373.523804,26.12.17
886,14:58:22,1514296702,375.670502,26.12.17
887,14:58:27,1514296707,373.666168,26.12.17
888,14:58:32,1514296712,370.629364,26.12.17
889,14:58:38,1514296718,372.955505,26.12.17
890,14:58:43,1514296723,370.769531,26.12.17
891,14:58:48,1514296728,370.069824,26.12.17
892,14:58:53,1514296733,368.47049,26.12.17
893,14:58:58,1514296738,370.629364,26.12.17
894,14:59:03,1514296743,370.139679,26.12.17
895,14:59:08,1514296748,366.679138,26.12.17
896,14:59:13,1514296753,366.679138,26.12.17
897,14:59:18,1514296758,22.17799,26.12.17
898,14:59:24,1514296764,22.187273,26.12.17
899,14:59:29,1514296769,22.111221,26.12.17
900,14:59:34,1514296774,22.246172,26.12.17
901,14:59:39,1514296779,22.285105,26.12.17
902,14:59:44,1514296784,22.351145,26.12.17
903,14:59:49,1514296789,22.269161,26.12.17
904,14:59:54,1514296794,22.245161,26.12.17
905,14:59:59,1514296799,22.225245,26.12.17
906,15:00:04,1514296804,22.189281,26.12.17
907,15:00:09,1514296809,22.223482,26.12.17
908,15:00:15,1514296815,22.238855,26.12.17
909,15:00:20,1514296820,11.246394,26.12.17
910,15:00:25,1514296825,6.884253,26.12.17
911,15:00:30,1514296830,6.87865,26.12.17
912,15:00:35,1514296835,20.197754,26.12.17
913,15:00:40,1514296840,7.04615,26.12.17
914,15:00:45,1514296845,6.870601,26.12.17
915,15:00:50,1514296850,16.995718,26.12.17
916,15:00:55,1514296855,10.150577,26.12.17
917,15:01:01,1514296861,6.767716,26.12.17
918,15:01:06,1514296866,7.27417,26.12.17
919,15:01:11,1514296871,20.625822,26.12.17
920,15:01:16,1514296876,6.816033,26.12.17
921,15:01:21,1514296881,6.795979,26.12.17
922,15:01:26,1514296886,21.423265,26.12.17
923,15:01:31,1514296891,6.814754,26.12.17
924,15:01:36,1514296896,6.800645,26.12.17
925,15:01:41,1514296901,24.584101,26.12.17
926,15:01:46,1514296906,6.815536,26.12.17
927,15:01:52,1514296912,4.214983,26.12.17
928,15:01:57,1514296917,4.551627,26.12.17
929,15:02:02,1514296922,2.401206,26.12.17
930,15:02:07,1514296927,2.471009,26.12.17
931,15:02:12,1514296932,2.486758,26.12.17
932,15:02:17,1514296937,2.482266,26.12.17
933,15:02:22,1514296942,2.496795,26.12.17
934,15:02:27,1514296947,2.502916,26.12.17
935,15:02:32,1514296952,2.485239,26.12.17
936,15:02:37,1514296957,2.528293,26.12.17
937,15:02:43,1514296963,2.536856,26.12.17
938,15:02:48,1514296968,2.483184,26.12.17
939,15:02:53,1514296973,2.497507,26.12.17
940,15:02:58,1514296978,2.520449,26.12.17
941,15:03:03,1514296983,2.513642,26.12.17
942,15:03:08,1514296988,2.488395,26.12.17
943,15:03:13,1514296993,2.245081,26.12.17
944,15:03:18,1514296998,2.240641,26.12.17
945,15:03:23,1514297003,2.216829,26.12.17
946,15:03:28,1514297008,2.227966,26.12.17
947,15:03:34,1514297014,2.244829,26.12.17
948,15:03:39,1514297019,2.245269,26.12.17
949,15:03:44,1514297024,2.206748,26.12.17
950,15:03:49,1514297029,2.209859,26.12.17
951,15:03:54,1514297034,2.225304,26.12.17
952,15:03:59,1514297039,2.202977,26.12.17
953,15:04:04,1514297044,2.218085,26.12.17
954,15:04:09,1514297049,2.185528,26.12.17
955,15:04:14,1514297054,2.201896,26.12.17
956,15:04:20,1514297060,2.218165,26.12.17
957,15:04:25,1514297065,2.197723,26.12.17
958,15:04:30,1514297070,2.198418,26.12.17
959,15:04:35,1514297075,2.227308,26.12.17
960,15:04:40,1514297080,2.215314,26.12.17
961,15:04:45,1514297085,2.208092,26.12.17
962,15:04:50,1514297090,2.204,26.12.17
963,15:04:55,1514297095,2.190959,26.12.17
964,15:05:00,1514297100,2.200545,26.12.17
965,15:05:05,1514297105,2.22224,26.12.17
966,15:05:11,1514297111,2.188215,26.12.17
967,15:05:16,1514297116,2.225099,26.12.17
968,15:05:21,1514297121,2.2045,26.12.17
969,15:05:26,1514297126,2.241486,26.12.17
970,15:05:31,1514297131,2.241402,26.12.17
971,15:05:36,1514297136,2.253541,26.12.17
972,15:05:41,1514297141,2.227374,26.12.17
973,15:05:46,1514297146,2.224128,26.12.17
974,15:05:51,1514297151,2.200908,26.12.17
975,15:05:56,1514297156,2.218574,26.12.17
976,15:06:02,1514297162,2.231912,26.12.17
977,15:06:07,1514297167,2.224506,26.12.17
978,15:06:12,1514297172,2.186361,26.12.17
979,15:06:17,1514297177,2.226352,26.12.17
980,15:06:22,1514297182,2.219576,26.12.17
981,15:06:27,1514297187,2.211092,26.12.17
982,15:06:32,1514297192,2.22464,26.12.17
983,15:06:37,1514297197,2.209774,26.12.17
984,15:06:42,1514297202,2.212839,26.12.17
985,15:06:47,1514297207,2.201706,26.12.17
986,15:06:53,1514297213,2.19388,26.12.17
987,15:06:58,1514297218,2.221746,26.12.17
988,15:07:03,1514297223,2.209802,26.12.17
989,15:07:08,1514297228,2.225486,26.12.17
990,15:07:13,1514297233,2.216651,26.12.17
991,15:07:18,1514297238,2.236279,26.12.17
992,15:07:23,1514297243,2.208488,26.12.17
993,15:07:28,1514297248,2.211389,26.12.17
994,15:07:34,1514297254,2.198731,26.12.17
995,15:07:39,1514297259,2.212437,26.12.17
996,15:07:44,1514297264,2.217696,26.12.17
997,15:07:49,1514297269,2.216746,26.12.17
998,15:07:54,1514297274,2.210801,26.12.17
999,15:07:59,1514297279,2.212045,26.12.17
1000,15:08:04,1514297284,2.1983,26.12.17
1001,15:08:09,1514297289,2.172348,26.12.17
1002,15:08:14,1514297294,2.208823,26.12.17
1003,15:08:20,1514297300,2.199197,26.12.17
1004,15:08:25,1514297305,2.209682,26.12.17
1005,15:08:30,1514297310,2.185068,26.12.17
1006,15:08:35,1514297315,2.220519,26.12.17
1007,15:08:40,1514297320,2.221668,26.12.17
1008,15:08:45,1514297325,2.22589,26.12.17
1009,15:08:50,1514297330,2.217503,26.12.17
1010,15:08:55,1514297335,2.191465,26.12.17
1011,15:09:00,1514297340,2.19458,26.12.17
1012,15:09:06,1514297346,2.212844,26.12.17
1013,15:09:11,1514297351,2.208403,26.12.17
1014,15:09:16,1514297356,2.203106,26.12.17
1015,15:09:21,1514297361,2.206999,26.12.17
1016,15:09:26,1514297366,2.21873,26.12.17
1017,15:09:31,1514297371,2.202403,26.12.17
1018,15:09:36,1514297376,2.219051,26.12.17
1019,15:09:41,1514297381,2.185467,26.12.17
1020,15:09:47,1514297387,2.212499,26.12.17
1021,15:09:52,1514297392,2.208818,26.12.17
1022,15:09:57,1514297397,2.210422,26.12.17
1023,15:10:02,1514297402,2.191483,26.12.17
1024,15:10:07,1514297407,2.179897,26.12.17
1025,15:10:12,1514297412,2.195624,26.12.17
1026,15:10:17,1514297417,2.192009,26.12.17
1027,15:10:23,1514297423,2.21926,26.12.17
1028,15:10:28,1514297428,2.188709,26.12.17
1029,15:10:33,1514297433,2.225769,26.12.17
1030,15:10:38,1514297438,2.194327,26.12.17
1031,15:10:43,1514297443,2.215296,26.12.17
1032,15:10:48,1514297448,2.186125,26.12.17
1033,15:10:53,1514297453,2.195344,26.12.17
1034,15:10:58,1514297458,2.184501,26.12.17
1035,15:11:04,1514297464,2.183907,26.12.17
1036,15:11:09,1514297469,2.20068,26.12.17
1037,15:11:14,1514297474,2.177051,26.12.17
1038,15:11:19,1514297479,2.197263,26.12.17
1039,15:11:24,1514297484,2.201988,26.12.17
1040,15:11:29,1514297489,2.236374,26.12.17
1041,15:11:34,1514297494,2.20859,26.12.17
1042,15:11:39,1514297499,2.201721,26.12.17
1043,15:11:44,1514297504,2.220622,26.12.17
1044,15:11:50,1514297510,2.203589,26.12.17
1045,15:11:55,1514297515,2.189862,26.12.17
1046,15:12:00,1514297520,2.155317,26.12.17
1047,15:12:05,1514297525,2.223769,26.12.17
1048,15:12:10,1514297530,2.178015,26.12.17
1049,15:12:15,1514297535,2.200695,26.12.17
1050,15:12:20,1514297540,2.189449,26.12.17
1051,15:12:26,1514297546,2.179061,26.12.17
1052,15:12:32,1514297552,2.214198,26.12.17
1053,15:12:37,1514297557,2.222494,26.12.17
1054,15:12:42,1514297562,2.245058,26.12.17
1055,15:12:47,1514297567,2.196773,26.12.17
1056,15:12:52,1514297572,2.209388,26.12.17
1057,15:12:57,1514297577,2.197063,26.12.17
1058,15:13:02,1514297582,2.199269,26.12.17
1059,15:13:07,1514297587,2.228455,26.12.17
1060,15:13:13,1514297593,2.219066,26.12.17
1061,15:13:18,1514297598,2.227526,26.12.17
1062,15:13:23,1514297603,2.201068,26.12.17
1063,15:13:28,1514297608,2.223976,26.12.17
1064,15:13:33,1514297613,2.240577,26.12.17
1065,15:13:38,1514297618,2.210197,26.12.17
1066,15:13:43,1514297623,2.210529,26.12.17
1067,15:13:48,1514297628,2.215551,26.12.17
1068,15:13:54,1514297634,2.209565,26.12.17
1069,15:13:59,1514297639,2.207839,26.12.17
1070,15:14:04,1514297644,2.229273,26.12.17
1071,15:14:09,1514297649,2.207264,26.12.17
1072,15:14:14,1514297654,2.222524,26.12.17
1073,15:14:19,1514297659,2.188311,26.12.17
1074,15:14:24,1514297664,2.211117,26.12.17
1075,15:14:29,1514297669,2.218434,26.12.17
1076,15:14:34,1514297674,2.18614,26.12.17
1077,15:14:40,1514297680,2.196325,26.12.17
1078,15:14:45,1514297685,2.182266,26.12.17
1079,15:14:50,1514297690,2.212786,26.12.17
1080,15:14:55,1514297695,2.185806,26.12.17
1081,15:15:00,1514297700,2.219669,26.12.17
1082,15:15:05,1514297705,2.186788,26.12.17
1083,15:15:10,1514297710,2.194232,26.12.17
1084,15:15:16,1514297716,2.17605,26.12.17
1085,15:15:21,1514297721,2.179494,26.12.17
1086,15:15:26,1514297726,2.176007,26.12.17
1087,15:15:31,1514297731,2.205375,26.12.17
1088,15:15:36,1514297736,2.206462,26.12.17
1089,15:15:41,1514297741,2.19547,26.12.17
1090,15:15:46,1514297746,2.196328,26.12.17
1091,15:15:51,1514297751,2.170244,26.12.17
1092,15:15:57,1514297757,2.199496,26.12.17
1093,15:16:02,1514297762,2.245819,26.12.17
1094,15:16:07,1514297767,2.18941,26.12.17
1095,15:16:12,1514297772,2.190335,26.12.17
1096,15:16:17,1514297777,2.177304,26.12.17
1097,15:16:22,1514297782,2.187405,26.12.17
1098,15:16:28,1514297788,2.196517,26.12.17
1099,15:16:33,1514297793,2.21738,26.12.17
1100,15:16:38,1514297798,2.209595,26.12.17
1101,15:16:44,1514297804,2.175261,26.12.17
1102,15:16:49,1514297809,2.232163,26.12.17
1103,15:16:54,1514297814,2.175389,26.12.17
1104,15:16:59,1514297819,2.163733,26.12.17
1105,15:17:04,1514297824,2.20909,26.12.17
1106,15:17:09,1514297829,2.194998,26.12.17
1107,15:17:14,1514297834,2.179192,26.12.17
1108,15:17:19,1514297839,2.196557,26.12.17
1109,15:17:25,1514297845,2.203958,26.12.17
1110,15:17:30,1514297850,2.185596,26.12.17
1111,15:17:35,1514297855,2.178197,26.12.17
1112,15:17:40,1514297860,2.214411,26.12.17
1113,15:17:45,1514297865,2.201046,26.12.17
1114,15:17:50,1514297870,2.185494,26.12.17
1115,15:17:55,1514297875,2.208174,26.12.17
1116,15:18:00,1514297880,2.187371,26.12.17
1117,15:18:06,1514297886,2.185494,26.12.17
1118,15:18:11,1514297891,1.394449,26.12.17
1119,15:18:17,1514297897,0,26.12.17
1120,15:18:22,1514297902,0,26.12.17
1121,15:18:27,1514297907,0,26.12.17
1122,15:18:32,1514297912,0,26.12.17
1123,15:18:37,1514297917,0,26.12.17
1124,15:18:43,1514297923,0,26.12.17
1125,15:18:48,1514297928,0,26.12.17
1126,15:18:53,1514297933,0,26.12.17
1127,15:18:58,1514297938,0,26.12.17
1128,15:19:03,1514297943,0,26.12.17
1129,15:19:09,1514297949,0,26.12.17
1130,15:19:14,1514297954,0,26.12.17
1131,15:19:19,1514297959,0,26.12.17
1132,15:19:25,1514297965,0,26.12.17
1133,15:19:30,1514297970,0,26.12.17
1134,15:19:35,1514297975,0,26.12.17
1135,15:19:40,1514297980,0,26.12.17
1136,15:19:45,1514297985,0,26.12.17
1137,15:19:50,1514297990,0,26.12.17
1138,15:19:55,1514297995,0,26.12.17
1139,15:20:00,1514298000,0,26.12.17
1140,15:20:05,1514298005,0,26.12.17
1141,15:20:11,1514298011,0,26.12.17
1142,15:20:16,1514298016,0,26.12.17
1143,15:20:21,1514298021,0,26.12.17
1144,15:20:26,1514298026,0,26.12.17
1145,15:20:31,1514298031,0,26.12.17
1146,15:20:36,1514298036,0,26.12.17
1147,15:20:41,1514298041,0,26.12.17
1148,15:20:46,1514298046,0,26.12.17
1149,15:20:52,1514298052,0,26.12.17
1150,15:20:57,1514298057,0,26.12.17
1151,15:21:02,1514298062,0,26.12.17
1152,15:21:07,1514298067,0,26.12.17
1153,15:21:12,1514298072,0,26.12.17
1154,15:21:17,1514298077,0,26.12.17
1155,15:21:22,1514298082,0,26.12.17
1156,15:21:27,1514298087,0,26.12.17
1157,15:21:32,1514298092,0,26.12.17
1158,15:21:38,1514298098,0,26.12.17
1159,15:21:43,1514298103,0,26.12.17
1160,15:21:48,1514298108,0,26.12.17
1161,15:21:53,1514298113,0,26.12.17
1162,15:21:58,1514298118,0,26.12.17
1163,15:22:03,1514298123,0,26.12.17
1164,15:22:08,1514298128,0,26.12.17
1165,15:22:13,1514298133,0,26.12.17
1166,15:22:18,1514298138,0,26.12.17
1167,15:22:24,1514298144,0,26.12.17
1168,15:22:29,1514298149,0,26.12.17
1169,15:22:34,1514298154,0,26.12.17
1170,15:22:39,1514298159,0,26.12.17
1171,15:22:44,1514298164,0,26.12.17
1172,15:22:49,1514298169,0,26.12.17
1173,15:22:54,1514298174,0,26.12.17
1174,15:22:59,1514298179,0,26.12.17
1175,15:23:04,1514298184,0,26.12.17
1176,15:23:10,1514298190,0,26.12.17
1177,15:23:15,1514298195,0,26.12.17
1178,15:23:20,1514298200,0,26.12.17
1179,15:23:25,1514298205,0,26.12.17
1180,15:23:30,1514298210,0,26.12.17
1181,15:23:35,1514298215,0,26.12.17
1182,15:23:40,1514298220,0,26.12.17
1183,15:23:45,1514298225,0,26.12.17
1184,15:23:50,1514298230,0,26.12.17
1185,15:23:56,1514298236,0,26.12.17
1186,15:24:01,1514298241,0,26.12.17
1187,15:24:06,1514298246,0,26.12.17
1188,15:24:11,1514298251,0,26.12.17
1189,15:24:16,1514298256,0,26.12.17
1190,15:24:21,1514298261,0,26.12.17
1191,15:24:26,1514298266,0,26.12.17
1192,15:24:31,1514298271,0,26.12.17
1193,15:24:36,1514298276,0,26.12.17
1194,15:24:42,1514298282,0,26.12.17
1195,15:24:47,1514298287,0,26.12.17
1196,15:24:52,1514298292,0,26.12.17
1197,15:24:57,1514298297,0,26.12.17
1198,15:25:02,1514298302,0,26.12.17
1199,15:25:07,1514298307,0,26.12.17
1200,15:25:12,1514298312,0,26.12.17
1201,15:25:17,1514298317,0,26.12.17
1202,15:25:23,1514298323,0,26.12.17
1203,15:25:28,1514298328,0,26.12.17
1204,15:25:33,1514298333,0,26.12.17
1205,15:25:38,1514298338,0,26.12.17
1206,15:25:43,1514298343,0,26.12.17
1207,15:25:48,1514298348,0,26.12.17
1208,15:25:53,1514298353,0,26.12.17
1209,15:25:58,1514298358,0,26.12.17
1210,15:26:03,1514298363,0,26.12.17
1211,15:26:09,1514298369,0,26.12.17
1212,15:26:14,1514298374,0,26.12.17
1213,15:26:19,1514298379,0,26.12.17
1214,15:26:24,1514298384,0,26.12.17
1215,15:26:29,1514298389,0,26.12.17
1216,15:26:34,1514298394,0,26.12.17
1217,15:26:39,1514298399,0,26.12.17
1218,15:26:45,1514298405,0,26.12.17
1219,15:26:50,1514298410,0,26.12.17
1220,15:26:55,1514298415,0,26.12.17
1221,15:27:00,1514298420,0,26.12.17
1222,15:27:05,1514298425,0,26.12.17
1223,15:27:10,1514298430,0,26.12.17
1224,15:27:15,1514298435,0,26.12.17
1225,15:27:20,1514298440,0,26.12.17
1226,15:27:25,1514298445,0,26.12.17
1227,15:27:31,1514298451,0,26.12.17
1228,15:27:36,1514298456,0,26.12.17
1229,15:27:41,1514298461,0,26.12.17
1230,15:27:46,1514298466,0,26.12.17
1231,15:27:51,1514298471,0,26.12.17
1232,15:27:57,1514298477,0,26.12.17
1233,15:28:02,1514298482,0,26.12.17
1234,15:28:07,1514298487,0,26.12.17
1235,15:28:12,1514298492,0,26.12.17
1236,15:28:18,1514298498,0,26.12.17
1237,15:28:23,1514298503,0,26.12.17
1238,15:28:28,1514298508,0,26.12.17
1239,15:28:33,1514298513,0,26.12.17
1240,15:28:38,1514298518,0,26.12.17
1241,15:28:43,1514298523,0,26.12.17
1242,15:28:48,1514298528,0,26.12.17
1243,15:28:53,1514298533,0,26.12.17
1244,15:28:59,1514298539,0,26.12.17
1245,15:29:04,1514298544,0,26.12.17
1246,15:29:09,1514298549,0,26.12.17
1247,15:29:14,1514298554,0,26.12.17
1248,15:29:19,1514298559,0,26.12.17
1249,15:29:24,1514298564,0,26.12.17
1250,15:29:29,1514298569,0,26.12.17
1251,15:29:34,1514298574,0,26.12.17
1252,15:29:40,1514298580,0,26.12.17
1253,15:29:45,1514298585,0,26.12.17
1254,15:29:51,1514298591,0,26.12.17
1255,15:29:56,1514298596,0,26.12.17
1256,15:30:01,1514298601,0,26.12.17
1257,15:30:06,1514298606,0,26.12.17
1258,15:30:11,1514298611,0,26.12.17
1259,15:30:16,1514298616,0,26.12.17
1260,15:30:21,1514298621,0,26.12.17
1261,15:30:26,1514298626,0,26.12.17
1262,15:30:31,1514298631,0,26.12.17
1263,15:30:37,1514298637,0,26.12.17
1264,15:30:42,1514298642,0,26.12.17
1265,15:30:47,1514298647,0,26.12.17
1266,15:30:52,1514298652,0,26.12.17
1267,15:30:57,1514298657,0,26.12.17
1268,15:31:02,1514298662,0,26.12.17
1269,15:31:07,1514298667,0,26.12.17
1270,15:31:12,1514298672,0,26.12.17
1271,15:31:17,1514298677,0,26.12.17
1272,15:31:23,1514298683,0,26.12.17
1273,15:31:28,1514298688,0,26.12.17
1274,15:31:33,1514298693,0,26.12.17
1275,15:31:38,1514298698,0,26.12.17
1276,15:31:43,1514298703,0,26.12.17
1277,15:31:48,1514298708,0,26.12.17
1278,15:31:53,1514298713,0,26.12.17
1279,15:31:58,1514298718,0,26.12.17
1280,15:32:04,1514298724,0,26.12.17
1281,15:32:09,1514298729,0,26.12.17
1282,15:32:14,1514298734,0,26.12.17
1283,15:32:19,1514298739,0,26.12.17
1284,15:32:24,1514298744,0,26.12.17
1285,15:32:29,1514298749,0,26.12.17
1286,15:32:34,1514298754,0,26.12.17
1287,15:32:39,1514298759,0,26.12.17
1288,15:32:44,1514298764,0,26.12.17
1289,15:32:50,1514298770,0,26.12.17
1290,15:32:55,1514298775,0,26.12.17
1291,15:33:00,1514298780,0,26.12.17
1292,15:33:05,1514298785,0,26.12.17
1293,15:33:10,1514298790,0,26.12.17
1294,15:33:15,1514298795,0,26.12.17
1295,15:33:20,1514298800,0,26.12.17
1296,15:33:26,1514298806,0,26.12.17
1297,15:33:31,1514298811,0,26.12.17
1298,15:33:36,1514298816,0,26.12.17
1299,15:33:41,1514298821,0,26.12.17
1300,15:33:46,1514298826,0,26.12.17
1301,15:33:51,1514298831,0,26.12.17
1302,15:33:56,1514298836,0,26.12.17
1303,15:34:01,1514298841,0,26.12.17
1304,15:34:06,1514298846,0,26.12.17
1305,15:34:12,1514298852,0,26.12.17
1306,15:34:17,1514298857,0,26.12.17
1307,15:34:22,1514298862,0,26.12.17
1308,15:34:27,1514298867,0,26.12.17
1309,15:34:32,1514298872,0,26.12.17
1310,15:34:37,1514298877,0,26.12.17
1311,15:34:42,1514298882,0,26.12.17
1312,15:34:47,1514298887,0,26.12.17
1313,15:34:53,1514298893,0,26.12.17
1314,15:34:58,1514298898,0,26.12.17
1315,15:35:03,1514298903,0,26.12.17
1316,15:35:08,1514298908,0,26.12.17
1317,15:35:13,1514298913,0,26.12.17
1318,15:35:18,1514298918,0,26.12.17
1319,15:35:23,1514298923,0,26.12.17
1320,15:35:28,1514298928,0,26.12.17
1321,15:35:34,1514298934,0,26.12.17
1322,15:35:39,1514298939,0,26.12.17
1323,15:35:44,1514298944,0,26.12.17
1324,15:35:49,1514298949,0,26.12.17
1325,15:35:54,1514298954,0,26.12.17
1326,15:35:59,1514298959,0,26.12.17
1327,15:36:04,1514298964,0,26.12.17
1328,15:36:09,1514298969,0,26.12.17
1329,15:36:15,1514298975,0,26.12.17
1330,15:36:20,1514298980,0,26.12.17
1331,15:36:25,1514298985,0,26.12.17
1332,15:36:30,1514298990,0,26.12.17
1333,15:36:35,1514298995,0,26.12.17
1334,15:36:40,1514299000,0,26.12.17
1335,15:36:45,1514299005,0,26.12.17
1336,15:36:50,1514299010,0,26.12.17
1337,15:36:55,1514299015,0,26.12.17
1338,15:37:00,1514299020,0,26.12.17
1339,15:37:06,1514299026,0,26.12.17
1340,15:37:11,1514299031,0,26.12.17
1341,15:37:16,1514299036,0,26.12.17
1342,15:37:21,1514299041,0,26.12.17
1343,15:37:26,1514299046,0,26.12.17
1344,15:37:31,1514299051,0,26.12.17
1345,15:37:36,1514299056,0,26.12.17
1346,15:37:41,1514299061,0,26.12.17
1347,15:37:47,1514299067,0,26.12.17
1348,15:37:52,1514299072,0,26.12.17
1349,15:37:57,1514299077,0,26.12.17
1350,15:38:02,1514299082,0,26.12.17
1351,15:38:07,1514299087,0,26.12.17
1352,15:38:12,1514299092,0,26.12.17
1353,15:38:17,1514299097,0,26.12.17
1354,15:38:22,1514299102,0,26.12.17
1355,15:38:28,1514299108,0,26.12.17
1356,15:38:33,1514299113,0,26.12.17
1357,15:38:38,1514299118,0,26.12.17
1358,15:38:43,1514299123,0,26.12.17
1359,15:38:49,1514299129,0,26.12.17
1360,15:38:54,1514299134,0,26.12.17
1361,15:39:00,1514299140,0,26.12.17
1362,15:39:06,1514299146,0,26.12.17
1363,15:39:11,1514299151,0,26.12.17
1364,15:39:16,1514299156,0,26.12.17
1365,15:39:21,1514299161,0,26.12.17
1366,15:39:26,1514299166,0,26.12.17
1367,15:39:31,1514299171,0,26.12.17
1368,15:39:36,1514299176,0,26.12.17
1369,15:39:41,1514299181,0,26.12.17
1370,15:39:46,1514299186,0,26.12.17
1371,15:39:52,1514299192,0,26.12.17
1372,15:39:57,1514299197,0,26.12.17
1373,15:40:02,1514299202,0,26.12.17
1374,15:40:07,1514299207,0,26.12.17
1375,15:40:12,1514299212,0,26.12.17
1376,15:40:17,1514299217,0,26.12.17
1377,15:40:22,1514299222,0,26.12.17
1378,15:40:28,1514299228,0,26.12.17
1379,15:40:33,1514299233,0,26.12.17
1380,15:40:38,1514299238,0,26.12.17
1381,15:40:43,1514299243,0,26.12.17
1382,15:40:48,1514299248,0,26.12.17
1383,15:40:53,1514299253,0,26.12.17
1384,15:40:58,1514299258,0,26.12.17
1385,15:41:03,1514299263,0,26.12.17
1386,15:41:09,1514299269,0,26.12.17
1387,15:41:14,1514299274,0,26.12.17
1388,15:41:19,1514299279,0,26.12.17
1389,15:41:24,1514299284,0,26.12.17
1390,15:41:29,1514299289,0,26.12.17
1391,15:41:34,1514299294,0,26.12.17
1392,15:41:39,1514299299,0,26.12.17
1393,15:41:44,1514299304,0,26.12.17